,date,content
0,2020-03-01 22:37:29+00:00,summer 2020 would be lit for all of us but the coronavirus rlly gotta ruin itü§°
1,2020-03-01 22:09:32+00:00,Left church and sneezed three times. The devil or Coronavirus?
,date,content
0,2020-03-01 22:37:29+00:00,summer 2020 would be lit for all of us but the coronavirus rlly gotta ruin itü§°
1,2020-03-01 22:09:32+00:00,Left church and sneezed three times. The devil or Coronavirus?
2,2020-03-02 23:12:36+00:00,"@atrupar Listening to @realDonaldTrump makes him look more ignorant every minute. 

He has no idea what he‚Äôs talking about and having him as president when the #coronavirus is spreading is frightening.

He actually thinks he knows what he is talking about"
,date,content
0,2020-03-01 22:37:29+00:00,summer 2020 would be lit for all of us but the coronavirus rlly gotta ruin itü§°
1,2020-03-01 22:09:32+00:00,Left church and sneezed three times. The devil or Coronavirus?
2,2020-03-02 23:12:36+00:00,"@atrupar Listening to @realDonaldTrump makes him look more ignorant every minute. 

He has no idea what he‚Äôs talking about and having him as president when the #coronavirus is spreading is frightening.

He actually thinks he knows what he is talking about"
3,2020-03-03 23:53:00+00:00,coronavirus has taught me that i am simply unable to keep my fingers from going directly into my eyes 4-5 times an hour
4,2020-03-03 23:43:03+00:00,i bet this coronavirus shit is gonna start a lot of public fights lmfao tensions are high on the train
,date,content
0,2020-03-01 22:37:29+00:00,summer 2020 would be lit for all of us but the coronavirus rlly gotta ruin itü§°
1,2020-03-01 22:09:32+00:00,Left church and sneezed three times. The devil or Coronavirus?
2,2020-03-02 23:12:36+00:00,"@atrupar Listening to @realDonaldTrump makes him look more ignorant every minute. 

He has no idea what he‚Äôs talking about and having him as president when the #coronavirus is spreading is frightening.

He actually thinks he knows what he is talking about"
3,2020-03-03 23:53:00+00:00,coronavirus has taught me that i am simply unable to keep my fingers from going directly into my eyes 4-5 times an hour
4,2020-03-03 23:43:03+00:00,i bet this coronavirus shit is gonna start a lot of public fights lmfao tensions are high on the train
5,2020-03-04 22:43:26+00:00,sure hope the yt men out here who collect asian girlfriends like funko pops will speak out on the anti-asian racism that spiked in 2016 and has only gotten worse since the covid-19 histrionics
,date,content
0,2020-03-01 22:37:29+00:00,summer 2020 would be lit for all of us but the coronavirus rlly gotta ruin itü§°
1,2020-03-01 22:09:32+00:00,Left church and sneezed three times. The devil or Coronavirus?
2,2020-03-02 23:12:36+00:00,"@atrupar Listening to @realDonaldTrump makes him look more ignorant every minute. 

He has no idea what he‚Äôs talking about and having him as president when the #coronavirus is spreading is frightening.

He actually thinks he knows what he is talking about"
3,2020-03-03 23:53:00+00:00,coronavirus has taught me that i am simply unable to keep my fingers from going directly into my eyes 4-5 times an hour
4,2020-03-03 23:43:03+00:00,i bet this coronavirus shit is gonna start a lot of public fights lmfao tensions are high on the train
5,2020-03-04 22:43:26+00:00,sure hope the yt men out here who collect asian girlfriends like funko pops will speak out on the anti-asian racism that spiked in 2016 and has only gotten worse since the covid-19 histrionics
6,2020-03-05 23:51:49+00:00,not gotomeeting using the coronavirus as a sales pitch ü§¢
7,2020-03-05 23:44:09+00:00,someone here has the coronavirus. it‚Äôs the dmv. that or herpes.
8,2020-03-05 23:04:44+00:00,coronavirus is not that bad y‚Äôall are so dramatic oh my god just WASH YOUR FUCKING HANDS
9,2020-03-05 22:31:45+00:00,what is everyone doing to protect their alexas from coronavirus? (or from attaining autonomy...)
,date,content
0,2020-03-01 22:37:29+00:00,summer 2020 would be lit for all of us but the coronavirus rlly gotta ruin itü§°
1,2020-03-01 22:09:32+00:00,Left church and sneezed three times. The devil or Coronavirus?
2,2020-03-02 23:12:36+00:00,"@atrupar Listening to @realDonaldTrump makes him look more ignorant every minute. 

He has no idea what he‚Äôs talking about and having him as president when the #coronavirus is spreading is frightening.

He actually thinks he knows what he is talking about"
3,2020-03-03 23:53:00+00:00,coronavirus has taught me that i am simply unable to keep my fingers from going directly into my eyes 4-5 times an hour
4,2020-03-03 23:43:03+00:00,i bet this coronavirus shit is gonna start a lot of public fights lmfao tensions are high on the train
5,2020-03-04 22:43:26+00:00,sure hope the yt men out here who collect asian girlfriends like funko pops will speak out on the anti-asian racism that spiked in 2016 and has only gotten worse since the covid-19 histrionics
6,2020-03-05 23:51:49+00:00,not gotomeeting using the coronavirus as a sales pitch ü§¢
7,2020-03-05 23:44:09+00:00,someone here has the coronavirus. it‚Äôs the dmv. that or herpes.
8,2020-03-05 23:04:44+00:00,coronavirus is not that bad y‚Äôall are so dramatic oh my god just WASH YOUR FUCKING HANDS
9,2020-03-05 22:31:45+00:00,what is everyone doing to protect their alexas from coronavirus? (or from attaining autonomy...)
10,2020-03-06 23:51:20+00:00,"RT if you think donald tr*mp tweeting ‚Äúcovfefe‚Äù was actually not a typo, but a coronavirus prophecy."
11,2020-03-06 23:23:11+00:00,"@washingtonpost The #coronavirus is spreading and @realDonaldTrump is still in denial about it.

WHERE ARE THE TESTS??"
12,2020-03-06 23:20:13+00:00,wait im kinda excited for coronavirus to cancel everything so i have an excuse to sit in my apartment and play the new animal crossing for the foreseeable future
13,2020-03-06 23:07:58+00:00,can‚Äôt wait to get coronavirus *lowers sunglasses* at Coachella üòè
14,2020-03-06 22:58:19+00:00,someone w coronavirus cough on elon musk real quick
15,2020-03-06 22:55:07+00:00,"Hey boy, are you Coronavirus? Because I‚Äôm not scared of you and I‚Äôll probably regret it one day."
16,2020-03-06 22:52:55+00:00,"Brb booking last minute spring break trip bc coronavirus is cutting travel costs in half

If I get sick and die that‚Äôs just an added perk lmao"
17,2020-03-06 22:50:34+00:00,A curb your enthusiasm episode where Larry lies about getting coronavirus to get out of going to an event he‚Äôs dreading but then causes accidental pandemonium and chaos
,date,content
0,2020-03-01 22:37:29+00:00,summer 2020 would be lit for all of us but the coronavirus rlly gotta ruin itü§°
1,2020-03-01 22:09:32+00:00,Left church and sneezed three times. The devil or Coronavirus?
2,2020-03-02 23:12:36+00:00,"@atrupar Listening to @realDonaldTrump makes him look more ignorant every minute. 

He has no idea what he‚Äôs talking about and having him as president when the #coronavirus is spreading is frightening.

He actually thinks he knows what he is talking about"
3,2020-03-03 23:53:00+00:00,coronavirus has taught me that i am simply unable to keep my fingers from going directly into my eyes 4-5 times an hour
4,2020-03-03 23:43:03+00:00,i bet this coronavirus shit is gonna start a lot of public fights lmfao tensions are high on the train
5,2020-03-04 22:43:26+00:00,sure hope the yt men out here who collect asian girlfriends like funko pops will speak out on the anti-asian racism that spiked in 2016 and has only gotten worse since the covid-19 histrionics
6,2020-03-05 23:51:49+00:00,not gotomeeting using the coronavirus as a sales pitch ü§¢
7,2020-03-05 23:44:09+00:00,someone here has the coronavirus. it‚Äôs the dmv. that or herpes.
8,2020-03-05 23:04:44+00:00,coronavirus is not that bad y‚Äôall are so dramatic oh my god just WASH YOUR FUCKING HANDS
9,2020-03-05 22:31:45+00:00,what is everyone doing to protect their alexas from coronavirus? (or from attaining autonomy...)
10,2020-03-06 23:51:20+00:00,"RT if you think donald tr*mp tweeting ‚Äúcovfefe‚Äù was actually not a typo, but a coronavirus prophecy."
11,2020-03-06 23:23:11+00:00,"@washingtonpost The #coronavirus is spreading and @realDonaldTrump is still in denial about it.

WHERE ARE THE TESTS??"
12,2020-03-06 23:20:13+00:00,wait im kinda excited for coronavirus to cancel everything so i have an excuse to sit in my apartment and play the new animal crossing for the foreseeable future
13,2020-03-06 23:07:58+00:00,can‚Äôt wait to get coronavirus *lowers sunglasses* at Coachella üòè
14,2020-03-06 22:58:19+00:00,someone w coronavirus cough on elon musk real quick
15,2020-03-06 22:55:07+00:00,"Hey boy, are you Coronavirus? Because I‚Äôm not scared of you and I‚Äôll probably regret it one day."
16,2020-03-06 22:52:55+00:00,"Brb booking last minute spring break trip bc coronavirus is cutting travel costs in half

If I get sick and die that‚Äôs just an added perk lmao"
17,2020-03-06 22:50:34+00:00,A curb your enthusiasm episode where Larry lies about getting coronavirus to get out of going to an event he‚Äôs dreading but then causes accidental pandemonium and chaos
18,2020-03-07 23:31:26+00:00,@benyankee I continue to be fascinated by the political idiocy of the Trump admin regarding Coronavirus. Don‚Äôt they know the most susceptible recipients of the disease are largely their voters! Don‚Äôt they get that this is the worst possible time to talk about cutting the social safety net?
19,2020-03-07 23:10:58+00:00,"@JoeBiden and @Bernie;
Please ask which members of the Admin and the Congress have been tested for coronavirus.  Immediately."
20,2020-03-07 22:33:15+00:00,Netflix just add Outbreak - just in time Coronavirus season
21,2020-03-07 22:31:45+00:00,"@sarahmucha @PalmerReport @JoeBiden There is a #coronavirus outbreak happening people!

I love Joe! But I think ALL the rally‚Äôs have to stop- for the sake of the safety of this #coronavirus crisis!"
22,2020-03-07 22:27:04+00:00,"@DHSCgovuk We need to stay vigilant we need to stay safe and we need to educate ourselves.

@realDonaldTrump @VP and their administration is telling us nothing and not supplying enough tests for #COVID„Éº19 #Coronavirus 

America deserves better than this failure of an unfit president"
23,2020-03-07 22:22:12+00:00,"Especially with what's going on with coronavirus, you'd think we'd have realized that the health of a society is not determined by the healthiest members but by the most vulnerable ones. It doesn't matter if you're healthy if the people around you are sick and can't get treated."
24,2020-03-07 22:19:38+00:00,"We need to stay vigilant we need to stay safe and we need to educate ourselves.

@realDonaldTrump @VP and their administration is telling us nothing and not supplying enough tests for #COVID„Éº19 #Coronavirus 

America deserves better than this failure of an unfit president"
25,2020-03-07 22:17:55+00:00,"@AndrewYang Thanks to the Coronavirus scare, millions of Americans are discovering the benefits of hand soap for the first time in their lives."
,date,content
0,2020-03-01 22:37:29+00:00,summer 2020 would be lit for all of us but the coronavirus rlly gotta ruin itü§°
1,2020-03-01 22:09:32+00:00,Left church and sneezed three times. The devil or Coronavirus?
2,2020-03-02 23:12:36+00:00,"@atrupar Listening to @realDonaldTrump makes him look more ignorant every minute. 

He has no idea what he‚Äôs talking about and having him as president when the #coronavirus is spreading is frightening.

He actually thinks he knows what he is talking about"
3,2020-03-03 23:53:00+00:00,coronavirus has taught me that i am simply unable to keep my fingers from going directly into my eyes 4-5 times an hour
4,2020-03-03 23:43:03+00:00,i bet this coronavirus shit is gonna start a lot of public fights lmfao tensions are high on the train
5,2020-03-04 22:43:26+00:00,sure hope the yt men out here who collect asian girlfriends like funko pops will speak out on the anti-asian racism that spiked in 2016 and has only gotten worse since the covid-19 histrionics
6,2020-03-05 23:51:49+00:00,not gotomeeting using the coronavirus as a sales pitch ü§¢
7,2020-03-05 23:44:09+00:00,someone here has the coronavirus. it‚Äôs the dmv. that or herpes.
8,2020-03-05 23:04:44+00:00,coronavirus is not that bad y‚Äôall are so dramatic oh my god just WASH YOUR FUCKING HANDS
9,2020-03-05 22:31:45+00:00,what is everyone doing to protect their alexas from coronavirus? (or from attaining autonomy...)
10,2020-03-06 23:51:20+00:00,"RT if you think donald tr*mp tweeting ‚Äúcovfefe‚Äù was actually not a typo, but a coronavirus prophecy."
11,2020-03-06 23:23:11+00:00,"@washingtonpost The #coronavirus is spreading and @realDonaldTrump is still in denial about it.

WHERE ARE THE TESTS??"
12,2020-03-06 23:20:13+00:00,wait im kinda excited for coronavirus to cancel everything so i have an excuse to sit in my apartment and play the new animal crossing for the foreseeable future
13,2020-03-06 23:07:58+00:00,can‚Äôt wait to get coronavirus *lowers sunglasses* at Coachella üòè
14,2020-03-06 22:58:19+00:00,someone w coronavirus cough on elon musk real quick
15,2020-03-06 22:55:07+00:00,"Hey boy, are you Coronavirus? Because I‚Äôm not scared of you and I‚Äôll probably regret it one day."
16,2020-03-06 22:52:55+00:00,"Brb booking last minute spring break trip bc coronavirus is cutting travel costs in half

If I get sick and die that‚Äôs just an added perk lmao"
17,2020-03-06 22:50:34+00:00,A curb your enthusiasm episode where Larry lies about getting coronavirus to get out of going to an event he‚Äôs dreading but then causes accidental pandemonium and chaos
18,2020-03-07 23:31:26+00:00,@benyankee I continue to be fascinated by the political idiocy of the Trump admin regarding Coronavirus. Don‚Äôt they know the most susceptible recipients of the disease are largely their voters! Don‚Äôt they get that this is the worst possible time to talk about cutting the social safety net?
19,2020-03-07 23:10:58+00:00,"@JoeBiden and @Bernie;
Please ask which members of the Admin and the Congress have been tested for coronavirus.  Immediately."
20,2020-03-07 22:33:15+00:00,Netflix just add Outbreak - just in time Coronavirus season
21,2020-03-07 22:31:45+00:00,"@sarahmucha @PalmerReport @JoeBiden There is a #coronavirus outbreak happening people!

I love Joe! But I think ALL the rally‚Äôs have to stop- for the sake of the safety of this #coronavirus crisis!"
22,2020-03-07 22:27:04+00:00,"@DHSCgovuk We need to stay vigilant we need to stay safe and we need to educate ourselves.

@realDonaldTrump @VP and their administration is telling us nothing and not supplying enough tests for #COVID„Éº19 #Coronavirus 

America deserves better than this failure of an unfit president"
23,2020-03-07 22:22:12+00:00,"Especially with what's going on with coronavirus, you'd think we'd have realized that the health of a society is not determined by the healthiest members but by the most vulnerable ones. It doesn't matter if you're healthy if the people around you are sick and can't get treated."
24,2020-03-07 22:19:38+00:00,"We need to stay vigilant we need to stay safe and we need to educate ourselves.

@realDonaldTrump @VP and their administration is telling us nothing and not supplying enough tests for #COVID„Éº19 #Coronavirus 

America deserves better than this failure of an unfit president"
25,2020-03-07 22:17:55+00:00,"@AndrewYang Thanks to the Coronavirus scare, millions of Americans are discovering the benefits of hand soap for the first time in their lives."
26,2020-03-08 23:24:01+00:00,"@paulkrugman There should be a test location in every major city

Instead, @realDonaldTrump is golfing this weekend 

#coronavirus #COVID19"
27,2020-03-08 23:07:12+00:00,Why am I seeing people bulk buying paper towels and toilet tissue? Is that what you think is going to protect you from coronavirus?? The world is in hysteria.
28,2020-03-08 22:19:38+00:00,seems like an awful idea to play Coronavirus news on tvs in the airport JUST SAYING
,date,content
0,2020-03-01 22:37:29+00:00,summer 2020 would be lit for all of us but the coronavirus rlly gotta ruin itü§°
1,2020-03-01 22:09:32+00:00,Left church and sneezed three times. The devil or Coronavirus?
2,2020-03-02 23:12:36+00:00,"@atrupar Listening to @realDonaldTrump makes him look more ignorant every minute. 

He has no idea what he‚Äôs talking about and having him as president when the #coronavirus is spreading is frightening.

He actually thinks he knows what he is talking about"
3,2020-03-03 23:53:00+00:00,coronavirus has taught me that i am simply unable to keep my fingers from going directly into my eyes 4-5 times an hour
4,2020-03-03 23:43:03+00:00,i bet this coronavirus shit is gonna start a lot of public fights lmfao tensions are high on the train
5,2020-03-04 22:43:26+00:00,sure hope the yt men out here who collect asian girlfriends like funko pops will speak out on the anti-asian racism that spiked in 2016 and has only gotten worse since the covid-19 histrionics
6,2020-03-05 23:51:49+00:00,not gotomeeting using the coronavirus as a sales pitch ü§¢
7,2020-03-05 23:44:09+00:00,someone here has the coronavirus. it‚Äôs the dmv. that or herpes.
8,2020-03-05 23:04:44+00:00,coronavirus is not that bad y‚Äôall are so dramatic oh my god just WASH YOUR FUCKING HANDS
9,2020-03-05 22:31:45+00:00,what is everyone doing to protect their alexas from coronavirus? (or from attaining autonomy...)
10,2020-03-06 23:51:20+00:00,"RT if you think donald tr*mp tweeting ‚Äúcovfefe‚Äù was actually not a typo, but a coronavirus prophecy."
11,2020-03-06 23:23:11+00:00,"@washingtonpost The #coronavirus is spreading and @realDonaldTrump is still in denial about it.

WHERE ARE THE TESTS??"
12,2020-03-06 23:20:13+00:00,wait im kinda excited for coronavirus to cancel everything so i have an excuse to sit in my apartment and play the new animal crossing for the foreseeable future
13,2020-03-06 23:07:58+00:00,can‚Äôt wait to get coronavirus *lowers sunglasses* at Coachella üòè
14,2020-03-06 22:58:19+00:00,someone w coronavirus cough on elon musk real quick
15,2020-03-06 22:55:07+00:00,"Hey boy, are you Coronavirus? Because I‚Äôm not scared of you and I‚Äôll probably regret it one day."
16,2020-03-06 22:52:55+00:00,"Brb booking last minute spring break trip bc coronavirus is cutting travel costs in half

If I get sick and die that‚Äôs just an added perk lmao"
17,2020-03-06 22:50:34+00:00,A curb your enthusiasm episode where Larry lies about getting coronavirus to get out of going to an event he‚Äôs dreading but then causes accidental pandemonium and chaos
18,2020-03-07 23:31:26+00:00,@benyankee I continue to be fascinated by the political idiocy of the Trump admin regarding Coronavirus. Don‚Äôt they know the most susceptible recipients of the disease are largely their voters! Don‚Äôt they get that this is the worst possible time to talk about cutting the social safety net?
19,2020-03-07 23:10:58+00:00,"@JoeBiden and @Bernie;
Please ask which members of the Admin and the Congress have been tested for coronavirus.  Immediately."
20,2020-03-07 22:33:15+00:00,Netflix just add Outbreak - just in time Coronavirus season
21,2020-03-07 22:31:45+00:00,"@sarahmucha @PalmerReport @JoeBiden There is a #coronavirus outbreak happening people!

I love Joe! But I think ALL the rally‚Äôs have to stop- for the sake of the safety of this #coronavirus crisis!"
22,2020-03-07 22:27:04+00:00,"@DHSCgovuk We need to stay vigilant we need to stay safe and we need to educate ourselves.

@realDonaldTrump @VP and their administration is telling us nothing and not supplying enough tests for #COVID„Éº19 #Coronavirus 

America deserves better than this failure of an unfit president"
23,2020-03-07 22:22:12+00:00,"Especially with what's going on with coronavirus, you'd think we'd have realized that the health of a society is not determined by the healthiest members but by the most vulnerable ones. It doesn't matter if you're healthy if the people around you are sick and can't get treated."
24,2020-03-07 22:19:38+00:00,"We need to stay vigilant we need to stay safe and we need to educate ourselves.

@realDonaldTrump @VP and their administration is telling us nothing and not supplying enough tests for #COVID„Éº19 #Coronavirus 

America deserves better than this failure of an unfit president"
25,2020-03-07 22:17:55+00:00,"@AndrewYang Thanks to the Coronavirus scare, millions of Americans are discovering the benefits of hand soap for the first time in their lives."
26,2020-03-08 23:24:01+00:00,"@paulkrugman There should be a test location in every major city

Instead, @realDonaldTrump is golfing this weekend 

#coronavirus #COVID19"
27,2020-03-08 23:07:12+00:00,Why am I seeing people bulk buying paper towels and toilet tissue? Is that what you think is going to protect you from coronavirus?? The world is in hysteria.
28,2020-03-08 22:19:38+00:00,seems like an awful idea to play Coronavirus news on tvs in the airport JUST SAYING
29,2020-03-09 23:59:20+00:00,how many days until trump makes pence take the fall for coronavirus fallout so he can replace him on the ticket with haley
,date,content
0,2020-03-01 22:37:29+00:00,summer 2020 would be lit for all of us but the coronavirus rlly gotta ruin itü§°
1,2020-03-01 22:09:32+00:00,Left church and sneezed three times. The devil or Coronavirus?
2,2020-03-02 23:12:36+00:00,"@atrupar Listening to @realDonaldTrump makes him look more ignorant every minute. 

He has no idea what he‚Äôs talking about and having him as president when the #coronavirus is spreading is frightening.

He actually thinks he knows what he is talking about"
3,2020-03-03 23:53:00+00:00,coronavirus has taught me that i am simply unable to keep my fingers from going directly into my eyes 4-5 times an hour
4,2020-03-03 23:43:03+00:00,i bet this coronavirus shit is gonna start a lot of public fights lmfao tensions are high on the train
5,2020-03-04 22:43:26+00:00,sure hope the yt men out here who collect asian girlfriends like funko pops will speak out on the anti-asian racism that spiked in 2016 and has only gotten worse since the covid-19 histrionics
6,2020-03-05 23:51:49+00:00,not gotomeeting using the coronavirus as a sales pitch ü§¢
7,2020-03-05 23:44:09+00:00,someone here has the coronavirus. it‚Äôs the dmv. that or herpes.
8,2020-03-05 23:04:44+00:00,coronavirus is not that bad y‚Äôall are so dramatic oh my god just WASH YOUR FUCKING HANDS
9,2020-03-05 22:31:45+00:00,what is everyone doing to protect their alexas from coronavirus? (or from attaining autonomy...)
10,2020-03-06 23:51:20+00:00,"RT if you think donald tr*mp tweeting ‚Äúcovfefe‚Äù was actually not a typo, but a coronavirus prophecy."
11,2020-03-06 23:23:11+00:00,"@washingtonpost The #coronavirus is spreading and @realDonaldTrump is still in denial about it.

WHERE ARE THE TESTS??"
12,2020-03-06 23:20:13+00:00,wait im kinda excited for coronavirus to cancel everything so i have an excuse to sit in my apartment and play the new animal crossing for the foreseeable future
13,2020-03-06 23:07:58+00:00,can‚Äôt wait to get coronavirus *lowers sunglasses* at Coachella üòè
14,2020-03-06 22:58:19+00:00,someone w coronavirus cough on elon musk real quick
15,2020-03-06 22:55:07+00:00,"Hey boy, are you Coronavirus? Because I‚Äôm not scared of you and I‚Äôll probably regret it one day."
16,2020-03-06 22:52:55+00:00,"Brb booking last minute spring break trip bc coronavirus is cutting travel costs in half

If I get sick and die that‚Äôs just an added perk lmao"
17,2020-03-06 22:50:34+00:00,A curb your enthusiasm episode where Larry lies about getting coronavirus to get out of going to an event he‚Äôs dreading but then causes accidental pandemonium and chaos
18,2020-03-07 23:31:26+00:00,@benyankee I continue to be fascinated by the political idiocy of the Trump admin regarding Coronavirus. Don‚Äôt they know the most susceptible recipients of the disease are largely their voters! Don‚Äôt they get that this is the worst possible time to talk about cutting the social safety net?
19,2020-03-07 23:10:58+00:00,"@JoeBiden and @Bernie;
Please ask which members of the Admin and the Congress have been tested for coronavirus.  Immediately."
20,2020-03-07 22:33:15+00:00,Netflix just add Outbreak - just in time Coronavirus season
21,2020-03-07 22:31:45+00:00,"@sarahmucha @PalmerReport @JoeBiden There is a #coronavirus outbreak happening people!

I love Joe! But I think ALL the rally‚Äôs have to stop- for the sake of the safety of this #coronavirus crisis!"
22,2020-03-07 22:27:04+00:00,"@DHSCgovuk We need to stay vigilant we need to stay safe and we need to educate ourselves.

@realDonaldTrump @VP and their administration is telling us nothing and not supplying enough tests for #COVID„Éº19 #Coronavirus 

America deserves better than this failure of an unfit president"
23,2020-03-07 22:22:12+00:00,"Especially with what's going on with coronavirus, you'd think we'd have realized that the health of a society is not determined by the healthiest members but by the most vulnerable ones. It doesn't matter if you're healthy if the people around you are sick and can't get treated."
24,2020-03-07 22:19:38+00:00,"We need to stay vigilant we need to stay safe and we need to educate ourselves.

@realDonaldTrump @VP and their administration is telling us nothing and not supplying enough tests for #COVID„Éº19 #Coronavirus 

America deserves better than this failure of an unfit president"
25,2020-03-07 22:17:55+00:00,"@AndrewYang Thanks to the Coronavirus scare, millions of Americans are discovering the benefits of hand soap for the first time in their lives."
26,2020-03-08 23:24:01+00:00,"@paulkrugman There should be a test location in every major city

Instead, @realDonaldTrump is golfing this weekend 

#coronavirus #COVID19"
27,2020-03-08 23:07:12+00:00,Why am I seeing people bulk buying paper towels and toilet tissue? Is that what you think is going to protect you from coronavirus?? The world is in hysteria.
28,2020-03-08 22:19:38+00:00,seems like an awful idea to play Coronavirus news on tvs in the airport JUST SAYING
29,2020-03-09 23:59:20+00:00,how many days until trump makes pence take the fall for coronavirus fallout so he can replace him on the ticket with haley
30,2020-03-10 23:15:01+00:00,"My dad said, ""I don't have Coronavirus, but I have Corona every weekend."" #dadjokes"
